"","PlayerName","Pos","Team","IP","H","ER","BB","SO","W","L","SV","HLD","Points","Points/IP"
"1","Spencer Strider","SP","ATL",58,43,20,19,84,5,2,0,0,162,2.79
"2","Gerrit Cole","SP","NYY",66,55,25,18,79,5,3,0,0,158,2.39
"3","Luis Castillo","SP","SEA",64,54,24,20,70,4,3,0,0,142,2.22
"4","Aaron Nola","SP","PHI",67,60,29,15,73,4,4,0,0,141,2.1
"5","Framber Valdez","SP","HOU",64,56,22,20,63,5,2,0,0,141,2.2
"6","Kevin Gausman","SP","TOR",60,53,23,14,71,4,3,0,0,140,2.33
"7","Zack Wheeler","SP","PHI",62,55,23,14,66,4,3,0,0,139,2.24
"8","Zac Gallen","SP","ARI",64,56,25,17,68,4,3,0,0,139,2.17
"9","Corbin Burnes","SP","MIL",60,51,23,18,70,4,3,0,0,137,2.28
"10","Shohei Ohtani","SP","LAA",56,44,21,19,72,4,3,0,0,137,2.45
"11","Kodai Senga","SP","NYM",63,50,25,25,70,4,3,0,0,136,2.16
"12","Tyler Glasnow","SP","TBR",53,41,19,17,69,4,2,0,0,136,2.57
"13","Sandy Alcantara","SP","MIA",70,64,28,18,63,4,4,0,0,135,1.93
"14","Logan Webb","SP","SFG",65,63,25,15,62,5,3,0,0,133,2.05
"15","Carlos Rodón","SP","NYY",55,44,21,18,69,4,3,0,0,132,2.4
"16","Justin Verlander","SP","HOU",61,53,24,16,61,5,3,0,0,131,2.15
"17","Max Scherzer","SP","TEX",57,50,24,14,67,4,3,0,0,128,2.25
"18","Pablo López","SP","MIN",59,52,24,17,66,4,3,0,0,128,2.17
"19","Yu Darvish","SP","SDP",61,53,26,16,64,4,3,0,0,128,2.1
"20","Dylan Cease","SP","CHW",60,51,25,24,70,4,3,0,0,127,2.12
"21","Blake Snell","SP","SDP",54,43,21,25,70,4,3,0,0,124,2.3
"22","Max Fried","SP","ATL",59,57,22,14,55,5,2,0,0,123,2.08
"23","Julio Urías","SP","LAD",61,56,26,15,58,5,3,0,0,122,2
"24","Félix Bautista","RP","BAL",22,14,6,8,34,2,1,10,1,120,5.45
"25","Logan Gilbert","SP","SEA",60,56,25,15,58,4,3,0,0,119,1.98
"26","Josh Hader","RP","SDP",22,13,7,9,33,1,1,11,0,118,5.36
"27","Clayton Kershaw","SP","LAD",51,46,19,12,56,4,2,0,0,117,2.29
"28","Joe Musgrove","SP","SDP",53,47,20,13,53,4,2,0,0,116,2.19
"29","Raisel Iglesias","RP","ATL",23,19,8,6,29,2,1,11,1,116,5.04
"30","Jesús Luzardo","SP","MIA",53,45,21,18,61,3,3,0,0,115,2.17
"31","Lance Lynn","SP","LAD",62,61,30,17,67,4,4,0,0,115,1.85
"32","Charlie Morton","SP","ATL",58,52,25,22,63,4,3,0,0,115,1.98
"33","Camilo Doval","RP","SFG",21,16,7,9,27,2,1,12,1,115,5.48
"34","George Kirby","SP","SEA",54,51,21,9,52,4,3,0,0,114,2.11
"35","Joe Ryan","SP","MIN",54,47,24,14,59,4,3,0,0,114,2.11
"36","Evan Phillips","RP","LAD",23,19,8,8,27,2,1,11,1,112,4.87
"37","Zach Eflin","SP","TBR",53,50,20,10,49,4,3,0,0,110,2.08
"38","Emmanuel Clase","RP","CLE",23,19,7,6,23,2,1,11,0,110,4.78
"39","David Bednar","RP","PIT",22,18,8,7,28,1,1,11,1,110,5
"40","Jhoan Duran","RP","MIN",23,17,8,9,34,2,1,9,1,110,4.78
"41","Freddy Peralta","SP","MIL",51,42,22,19,61,3,3,0,0,109,2.14
"42","Devin Williams","RP","MIL",21,15,7,10,31,2,1,10,1,109,5.19
"43","Andrés Muñoz","RP","SEA",22,15,7,8,32,2,1,8,2,107,4.86
"44","Alexis Díaz","RP","CIN",22,16,8,10,29,2,1,10,1,107,4.86
"45","Eduardo Rodriguez","SP","DET",55,52,23,16,55,3,3,0,0,106,1.93
"46","Shane McClanahan","SP","TBR",46,38,17,14,52,3,2,0,0,106,2.3
"47","Jordan Montgomery","SP","TEX",55,52,22,14,50,3,3,0,0,105,1.91
"48","James Paxton","SP","BOS",53,49,24,19,60,4,3,0,0,105,1.98
"49","Hunter Brown","SP","HOU",50,44,20,20,55,4,2,0,0,105,2.1
"50","José Berríos","SP","TOR",58,57,27,16,55,4,3,0,0,104,1.79
"51","Craig Kimbrel","RP","PHI",22,17,9,10,29,2,1,10,1,104,4.73
"52","Cristian Javier","SP","HOU",52,43,24,20,58,3,3,0,0,103,1.98
"53","Justin Steele","SP","CHC",54,51,22,18,51,4,3,0,0,102,1.89
"54","Merrill Kelly","SP","ARI",60,58,28,20,56,4,4,0,0,102,1.7
"55","Pete Fairbanks","RP","TBR",21,16,7,8,28,2,1,9,1,102,4.86
"56","Ryan Pressly","RP","HOU",20,17,7,5,24,2,1,10,1,102,5.1
"57","Kenley Jansen","RP","BOS",21,17,9,8,25,1,1,11,1,102,4.86
"58","Alex Cobb","SP","SFG",53,52,21,15,51,3,3,0,0,101,1.91
"59","Brandon Woodruff","SP","MIL",42,35,15,11,49,3,2,0,0,101,2.4
"60","Sonny Gray","SP","MIN",54,49,23,20,54,3,3,0,0,101,1.87
"61","Chris Bassitt","SP","TOR",56,53,26,16,51,4,3,0,0,100,1.79
"62","Miles Mikolas","SP","STL",60,61,26,13,43,4,3,0,0,99,1.65
"63","Mitch Keller","SP","PIT",59,58,28,21,58,3,4,0,0,98,1.66
"64","Nestor Cortes","SP","NYY",49,44,21,15,50,3,2,0,0,98,2
"65","Jack Flaherty","SP","BAL",53,48,23,21,52,3,3,0,0,96,1.81
"66","Carlos Estévez","RP","LAA",22,19,9,9,24,1,1,10,1,96,4.36
"67","Andrew Heaney","SP","TEX",47,42,22,15,55,3,3,0,0,95,2.02
"68","Paul Sewald","RP","ARI",21,17,9,7,27,1,1,9,1,95,4.52
"69","Braxton Garrett","SP","MIA",50,48,22,14,50,3,3,0,0,94,1.88
"70","Lucas Giolito","SP","LAA",54,52,28,19,60,3,4,0,0,93,1.72
"71","Bailey Ober","SP","MIN",50,49,23,11,49,3,3,0,0,93,1.86
"72","Aaron Civale","SP","TBR",54,52,25,15,48,3,3,0,0,93,1.72
"73","Kenta Maeda","SP","MIN",48,44,22,15,51,3,3,0,0,92,1.92
"74","Hunter Greene","SP","CIN",41,34,18,16,52,3,2,0,0,91,2.22
"75","Ranger Suárez","SP","PHI",52,50,21,18,44,3,3,0,0,90,1.73
"76","Tarik Skubal","SP","DET",43,38,18,12,47,3,3,0,0,90,2.09
"77","David Peterson","SP","NYM",47,42,20,19,50,3,3,0,0,90,1.91
"78","Aroldis Chapman","RP","TEX",21,13,6,12,33,2,1,5,2,90,4.29
"79","Clay Holmes","RP","NYY",21,17,8,9,23,2,1,8,2,90,4.29
"80","Chris Sale","SP","BOS",40,36,17,11,48,3,2,0,0,89,2.22
"81","Jon Gray","SP","TEX",51,48,24,17,49,3,3,0,0,89,1.75
"82","Steven Matz","SP","STL",48,46,20,14,45,3,3,0,0,89,1.85
"83","Ross Stripling","SP","SFG",54,56,25,12,45,3,3,0,0,89,1.65
"84","Giovanny Gallegos","RP","STL",22,19,9,6,25,2,1,7,2,89,4.05
"85","Kyle Finnegan","RP","WSN",22,20,9,8,22,1,1,9,1,89,4.05
"86","Jordan Romano","RP","TOR",18,14,7,6,21,1,1,9,1,88,4.89
"87","Nathan Eovaldi","SP","TEX",44,42,18,11,42,3,2,0,0,87,1.98
"88","Tony Gonsolin","SP","LAD",52,49,25,19,47,4,3,0,0,87,1.67
"89","Adam Ottavino","RP","NYM",22,19,9,9,23,1,1,8,2,87,3.95
"90","Brady Singer","SP","KCR",51,51,23,15,45,3,3,0,0,86,1.69
"91","Reid Detmers","SP","LAA",42,36,18,16,48,2,2,0,0,86,2.05
"92","José Quintana","SP","NYM",52,52,23,18,46,3,3,0,0,86,1.65
"93","Alex Lange","RP","DET",22,17,9,12,27,1,2,8,1,86,3.91
"94","David Robertson","RP","MIA",21,19,9,8,24,1,1,8,2,86,4.1
"95","Gregory Santos","RP","CHW",22,20,10,9,21,1,1,9,1,85,3.86
"96","Kyle Gibson","SP","BAL",55,57,26,18,46,3,3,0,0,84,1.53
"97","Seth Lugo","SP","SDP",41,37,17,12,41,3,2,0,0,83,2.02
"98","Kyle Bradish","SP","BAL",49,48,23,17,47,3,3,0,0,83,1.69
"99","Alex Wood","SP","SFG",50,50,24,16,47,3,3,0,0,83,1.66
"100","Patrick Sandoval","SP","LAA",47,44,20,19,44,3,3,0,0,82,1.74
"101","Marcus Stroman","SP","CHC",48,48,20,15,41,3,3,0,0,82,1.71
"102","Brayan Bello","SP","BOS",50,51,24,18,47,4,3,0,0,82,1.64
"103","Luis Severino","SP","NYY",45,41,21,15,43,3,2,0,0,82,1.82
"104","Mark Leiter Jr.","RP","CHC",21,19,9,7,24,1,1,7,2,82,3.9
"105","Bobby Miller","SP","LAD",43,40,19,13,41,3,2,0,0,81,1.88
"106","Taijuan Walker","SP","PHI",53,52,26,19,45,3,3,0,0,81,1.53
"107","Paul Blackburn","SP","OAK",51,52,23,15,41,3,3,0,0,81,1.59
"108","Yusei Kikuchi","SP","TOR",46,44,22,17,48,3,3,0,0,81,1.76
"109","Trevor May","RP","OAK",21,19,10,11,21,1,1,9,1,81,3.86
"110","Dean Kremer","SP","BAL",48,47,22,14,41,3,3,0,0,80,1.67
"111","Bryce Elder","SP","ATL",51,52,24,18,42,3,2,0,0,79,1.55
"112","Tyler Anderson","SP","LAA",52,53,25,15,41,3,3,0,0,79,1.52
"113","Carlos Carrasco","SP","NYM",54,56,27,18,47,3,4,0,0,79,1.46
"114","Nick Pivetta","SP","BOS",45,42,22,18,48,3,3,0,0,79,1.76
"115","Will Smith","RP","TEX",22,19,9,8,24,1,1,6,2,79,3.59
"116","Jameson Taillon","SP","CHC",49,50,24,13,42,3,3,0,0,78,1.59
"117","Michael Lorenzen","SP","PHI",48,46,22,17,41,3,3,0,0,78,1.62
"118","Clarke Schmidt","SP","NYY",47,45,23,16,44,3,3,0,0,78,1.66
"119","JP Sears","SP","OAK",46,44,22,13,43,2,3,0,0,78,1.7
"120","Carlos Hernández","RP","KCR",22,20,10,8,21,1,1,7,2,78,3.55
"121","Andrew Abbott","SP","CIN",42,39,20,17,47,3,3,0,0,77,1.83
"122","Grayson Rodriguez","SP","BAL",37,32,16,13,43,2,2,0,0,77,2.08
"123","Michael Kopech","SP","CHW",53,49,30,27,56,3,4,0,0,77,1.45
"124","MacKenzie Gore","SP","WSN",44,40,21,19,47,2,3,0,0,76,1.73
"125","Reese Olson","SP","DET",46,44,22,16,44,2,3,0,0,76,1.65
"126","Johan Oviedo","SP","PIT",52,51,26,23,47,3,4,0,0,75,1.44
"127","Josiah Gray","SP","WSN",53,51,29,23,50,3,4,0,0,75,1.42
"128","Justin Lawrence","RP","COL",22,21,11,11,24,1,1,7,2,75,3.41
"129","Tanner Bibee","SP","CLE",44,41,21,15,42,2,3,0,0,74,1.68
"130","Bryce Miller","SP","SEA",43,40,20,13,40,2,3,0,0,74,1.72
"131","Sean Manaea","SP","SFG",37,35,16,11,40,2,2,0,0,73,1.97
"132","Michael King","RP","NYY",23,19,9,8,27,2,1,2,5,73,3.17
"133","Kutter Crawford","SP","BOS",45,46,23,14,43,3,3,0,0,72,1.6
"134","Matt Brash","RP","SEA",21,15,7,10,28,2,1,2,4,72,3.43
"135","Logan Allen","SP","CLE",40,37,18,14,38,2,2,0,0,71,1.77
"136","Noah Syndergaard","SP","CLE",47,49,22,11,34,3,3,0,0,71,1.51
"137","Alek Manoah","SP","TOR",44,40,22,18,41,3,3,0,0,71,1.61
"138","Adbert Alzolay","RP","CHC",23,20,9,6,25,1,1,3,3,71,3.09
"139","Mike Clevinger","SP","CHW",47,47,25,16,42,3,3,0,0,70,1.49
"140","Zack Greinke","SP","KCR",52,58,26,10,34,3,3,0,0,70,1.35
"141","A.J. Minter","RP","ATL",22,19,8,7,28,2,1,1,5,69,3.14
"142","Gavin Williams","SP","CLE",40,36,19,17,40,2,2,0,0,69,1.73
"143","Jordan Hicks","RP","TOR",22,17,8,11,27,2,1,2,4,69,3.14
"144","Ken Waldichuk","SP","OAK",43,39,21,21,44,2,3,0,0,69,1.6
"145","Aaron Bummer","RP","CHW",22,17,7,9,24,1,1,2,4,68,3.09
"146","Joe Jiménez","RP","ATL",22,18,9,7,28,1,1,1,6,68,3.09
"147","Brooks Raley","RP","NYM",21,18,9,8,23,1,1,4,3,68,3.24
"148","Matthew Liberatore","SP","STL",43,42,20,16,36,3,3,0,0,67,1.56
"149","Kyle Hendricks","SP","CHC",49,54,25,11,35,3,3,0,0,67,1.37
"150","Adam Wainwright","SP","STL",55,60,28,17,37,3,4,0,0,67,1.22
"151","Michael Wacha","SP","SDP",40,39,19,12,35,2,2,0,0,66,1.65
"152","Brandon Pfaadt","SP","ARI",38,37,19,9,36,2,2,0,0,66,1.74
"153","Dane Dunning","SP","TEX",43,44,21,14,37,2,2,0,0,66,1.53
"154","Wade Miley","SP","MIL",44,46,20,15,34,3,3,0,0,65,1.48
"155","Rich Hill","SP","SDP",44,43,22,16,38,2,3,0,0,65,1.48
"156","Bryan Abreu","RP","HOU",21,16,8,10,29,1,1,1,5,65,3.1
"157","Patrick Corbin","SP","WSN",56,63,31,18,43,3,5,0,0,64,1.14
"158","Joe Kelly","RP","LAD",21,18,8,10,28,2,1,1,5,64,3.05
"159","Tanner Scott","RP","MIA",20,15,7,10,28,1,1,1,5,64,3.2
"160","Bryan Woo","SP","SEA",32,28,14,11,34,2,2,0,0,63,1.97
"161","Jason Adam","RP","TBR",20,16,8,8,25,1,1,2,4,63,3.15
"162","Chris Martin","RP","BOS",23,22,9,5,23,1,1,1,5,62,2.7
"163","Scott Barlow","RP","SDP",21,15,7,8,24,2,1,0,5,62,2.95
"164","A.J. Puk","RP","MIA",21,18,9,7,24,1,1,2,4,62,2.95
"165","Garrett Whitlock","SP","BOS",33,32,15,7,31,2,2,0,0,61,1.85
"166","Taj Bradley","SP","TBR",33,30,15,11,33,2,2,0,0,61,1.85
"167","Dallas Keuchel","SP","MIN",55,61,28,21,36,3,4,0,0,61,1.11
"168","Julian Merryweather","RP","CHC",21,18,9,8,24,1,1,2,4,61,2.9
"169","Pierce Johnson","RP","ATL",21,17,8,9,28,2,1,0,5,61,2.9
"170","Ryan Helsley","RP","STL",17,12,6,7,22,2,1,3,1,61,3.59
"171","Cole Ragans","SP","KCR",42,42,21,18,38,2,3,0,0,60,1.43
"172","Hyun Jin Ryu","SP","TOR",37,38,17,8,29,2,2,0,0,60,1.62
"173","José Urquidy","SP","HOU",38,38,19,10,32,2,2,0,0,60,1.58
"174","Brusdar Graterol","RP","LAD",22,21,9,6,19,2,1,2,4,60,2.73
"175","Alex Faedo","SP","DET",43,45,23,13,39,2,4,0,0,60,1.4
"176","Dakota Hudson","SP","STL",47,48,22,19,30,3,3,0,0,60,1.28
"177","Matt Manning","SP","DET",44,46,23,15,36,2,3,0,0,59,1.34
"178","Johnny Cueto","SP","MIA",46,51,23,12,32,2,3,0,0,59,1.28
"179","Jordan Lyles","SP","KCR",54,60,31,17,40,2,4,0,0,59,1.09
"180","Kevin Ginkel","RP","ARI",21,18,8,8,23,1,1,1,5,59,2.81
"181","Luis Medina","SP","OAK",42,39,21,23,39,2,3,0,0,59,1.4
"182","Hogan Harris","SP","OAK",40,37,20,20,38,2,3,0,0,59,1.48
"183","Tommy Kahnle","RP","NYY",21,18,8,7,24,1,1,1,4,59,2.81
"184","Graham Ashcraft","SP","CIN",48,52,25,18,36,2,3,0,0,58,1.21
"185","Ryne Nelson","SP","ARI",44,46,23,15,35,2,3,0,0,58,1.32
"186","Drew Smyly","SP","CHC",40,41,21,13,36,2,3,0,0,58,1.45
"187","J.P. France","SP","HOU",39,39,20,16,36,2,2,0,0,58,1.49
"188","Tylor Megill","SP","NYM",36,35,17,14,33,2,2,0,0,58,1.61
"189","Matt Strahm","RP","PHI",23,20,10,6,27,1,1,0,4,58,2.52
"190","Justin Topa","RP","SEA",22,21,8,7,18,1,1,2,4,58,2.64
"191","Nick Lodolo","SP","CIN",27,24,12,9,33,1,1,0,0,57,2.11
"192","Jason Foley","RP","DET",21,21,8,6,19,1,1,2,4,57,2.71
"193","Taylor Rogers","RP","SFG",21,19,9,7,26,2,1,0,5,57,2.71
"194","Erik Swanson","RP","TOR",21,18,9,7,24,1,1,1,4,57,2.71
"195","Hector Neris","RP","HOU",21,18,9,9,24,2,1,1,4,57,2.71
"196","Robert Suarez","RP","SDP",21,17,8,8,22,1,1,1,4,57,2.71
"197","Drew Smith","RP","NYM",21,18,9,8,23,1,1,1,5,57,2.71
"198","Dylan Coleman","RP","KCR",21,18,10,11,22,1,1,3,3,57,2.71
"199","Brooks Kriske","RP",NA,38,35,21,20,42,1,2,0,0,57,1.5
"200","Andrew Chafin","RP","MIL",21,17,8,8,24,1,1,0,5,56,2.67
"201","Caleb Ferguson","RP","LAD",21,17,8,9,25,1,1,0,5,56,2.67
"202","Trevor Stephan","RP","CLE",22,19,10,8,24,1,1,1,4,56,2.55
"203","Touki Toussaint","SP","CHW",43,40,23,25,40,2,3,0,0,56,1.3
"204","Austin Gomber","SP","COL",51,57,30,16,39,2,4,0,0,55,1.08
"205","Cal Quantrill","SP","CLE",42,43,21,13,29,2,3,0,0,55,1.31
"206","Joel Payamps","RP","MIL",21,19,8,6,20,1,1,1,4,55,2.62
"207","Yimi García","RP","TOR",21,18,9,6,22,2,1,0,5,55,2.62
"208","Cristopher Sánchez","SP","PHI",35,34,17,14,31,2,2,0,0,54,1.54
"209","Joey Wentz","SP","DET",39,38,21,17,36,2,3,0,0,54,1.38
"210","JoJo Romero","RP","STL",21,19,8,9,22,1,1,1,4,54,2.57
"211","Kendall Graveman","RP","HOU",22,20,9,9,22,1,1,1,4,54,2.45
"212","Jesse Scholtens","SP","CHW",43,46,24,15,35,2,3,0,0,53,1.23
"213","Colin Holderman","RP","PIT",22,20,10,8,22,1,1,1,4,53,2.41
"214","Sam Hentges","RP","CLE",21,18,8,8,22,1,1,0,5,53,2.52
"215","Scott McGough","RP","ARI",21,20,9,8,23,1,1,1,4,53,2.52
"216","Martín Pérez","SP","TEX",38,40,19,13,30,2,2,0,0,53,1.39
"217","Griffin Jax","RP","MIN",22,21,10,7,22,1,1,1,4,53,2.41
"218","Seranthony Domínguez","RP","PHI",21,18,9,9,24,2,1,0,4,52,2.48
"219","Josh Sborz","RP","TEX",20,17,8,8,25,1,1,0,4,52,2.6
"220","Alec Marsh","SP","KCR",41,42,23,19,38,2,3,0,0,52,1.27
"221","Lucas Erceg","RP","OAK",20,17,8,11,23,1,1,1,4,52,2.6
"222","Michael Fulmer","RP","CHC",21,19,9,9,22,1,1,1,4,52,2.48
"223","Matt Moore","RP","LAA",21,19,10,9,22,1,1,1,5,52,2.48
"224","Alex Vesia","RP","LAD",19,14,7,8,25,1,1,0,3,52,2.74
"225","Colin Rea","SP","MIL",32,32,16,9,28,2,2,0,0,51,1.59
"226","Reynaldo López","RP","LAA",21,20,10,7,24,1,2,1,4,51,2.43
"227","Adrian Houser","SP","MIL",40,41,20,16,30,2,3,0,0,51,1.27
"228","Chase Silseth","SP","LAA",29,27,13,12,29,2,2,0,0,51,1.76
"229","Yennier Cano","RP","BAL",21,20,9,8,21,1,1,1,4,51,2.43
"230","Gabe Speier","RP","SEA",21,19,8,6,21,1,1,0,4,51,2.43
"231","Emilio Pagán","RP","MIN",21,19,10,7,24,1,1,0,5,51,2.43
"232","Robert Stephenson","RP","TBR",19,15,7,7,22,1,1,0,4,51,2.68
"233","Tyler Rogers","RP","SFG",24,24,10,7,17,1,1,1,4,51,2.12
"234","Wandy Peralta","RP","NYY",22,20,9,10,20,1,1,1,4,51,2.32
"235","Eury Pérez","SP","MIA",26,23,11,9,28,1,2,0,0,50,1.92
"236","Tanner Houck","SP","BOS",28,27,13,10,29,2,2,0,0,50,1.79
"237","Tim Mayza","RP","TOR",20,17,7,6,19,1,1,0,4,50,2.5
"238","John Schreiber","RP","BOS",21,19,9,8,22,1,1,0,5,50,2.38
"239","Nick Martinez","RP","SDP",23,21,10,8,22,1,1,0,4,50,2.17
"240","Caleb Thielbar","RP","MIN",20,18,9,6,24,1,1,0,4,50,2.5
"241","José Soriano","RP","LAA",20,16,8,10,24,1,1,0,4,50,2.5
"242","Angel Perdomo","RP","PIT",20,16,9,11,27,1,1,0,4,50,2.5
"243","Steven Okert","RP","MIA",19,15,8,8,24,1,1,0,4,50,2.63
"244","Quinn Priester","SP","PIT",40,41,21,17,31,2,3,0,0,49,1.23
"245","Joey Lucchesi","SP","NYM",30,29,14,10,26,2,2,0,0,49,1.63
"246","Kyle Muller","SP","OAK",33,32,16,14,28,2,2,0,0,49,1.48
"247","Marco Gonzales","SP","SEA",39,41,20,11,26,2,3,0,0,49,1.26
"248","Lucas Sims","RP","CIN",20,17,10,11,24,1,1,1,4,49,2.45
"249","Dauri Moreta","RP","PIT",21,19,10,8,23,1,1,0,5,49,2.33
"250","Dylan Floro","RP","MIN",21,20,8,7,19,2,1,0,4,49,2.33
"251","Danny Coulombe","RP","BAL",21,19,9,7,22,1,1,0,4,49,2.33
"252","Gregory Soto","RP","PHI",21,18,9,10,22,1,1,0,5,49,2.33
"253","Jeff Hoffman","RP","PHI",21,18,9,9,23,1,1,0,4,49,2.33
"254","Tanner Banks","RP","CHW",24,24,11,7,22,1,1,0,4,49,2.04
"255","Trevor Richards","RP","TOR",19,16,8,8,24,1,1,0,4,49,2.58
"256","Kirby Yates","RP","ATL",20,17,9,9,25,1,1,0,4,49,2.45
"257","Kyle Freeland","SP","COL",54,65,33,17,38,2,4,0,0,48,0.89
"258","Trevor Williams","SP","WSN",42,46,24,14,32,2,3,0,0,48,1.14
"259","Zach Davies","SP","ARI",38,40,20,15,29,2,2,0,0,48,1.26
"260","Hayden Wesneski","SP","CHC",32,32,17,10,28,2,2,0,0,48,1.5
"261","José Leclerc","RP","TEX",21,18,10,10,23,1,1,0,5,48,2.29
"262","Colin Poche","RP","TBR",20,17,9,8,21,1,1,0,5,48,2.4
"263","Osvaldo Bido","SP","PIT",40,41,22,19,33,2,3,0,0,47,1.18
"264","Ben Brown","SP","CHC",25,22,11,10,26,1,1,0,0,47,1.88
"265","Chris Stratton","RP","TEX",21,20,9,8,22,1,1,0,4,47,2.24
"266","Luke Jackson","RP","SFG",20,19,8,8,22,1,1,0,4,47,2.35
"267","Steven Wilson","RP","SDP",20,17,9,9,23,1,1,0,4,47,2.35
"268","Phil Bickford","RP","NYM",19,15,8,8,21,1,1,0,4,47,2.47
"269","Spencer Turnbull","SP","DET",33,33,17,12,28,2,3,0,0,46,1.39
"270","Michael Soroka","SP","ATL",31,32,15,9,24,2,2,0,0,46,1.48
"271","Brandon Williamson","SP","CIN",42,44,25,21,37,2,3,0,0,46,1.1
"272","Hoby Milner","RP","MIL",20,19,9,5,20,1,1,0,4,46,2.3
"273","Ryan Walker","RP","SFG",23,21,10,8,22,1,1,0,2,46,2
"274","Enyel De Los Santos","RP","CLE",20,17,9,8,21,1,1,0,4,46,2.3
"275","Shintaro Fujinami","RP","BAL",23,21,11,12,24,1,2,0,5,46,2
"276","José Cisnero","RP","DET",21,19,10,10,22,1,1,0,5,46,2.19
"277","Daniel Bard","RP","COL",21,21,12,13,22,1,2,3,3,46,2.19
"278","Tayler Saucedo","RP","SEA",21,18,9,9,20,1,1,0,4,46,2.19
"279","Jake Diekman","RP","TBR",19,15,8,12,24,1,1,0,4,46,2.42
"280","Peter Strzelecki","RP","ARI",20,18,9,7,21,1,1,0,4,46,2.3
"281","Kyle Wright","SP","ATL",25,24,11,9,23,2,1,0,0,45,1.8
"282","Trevor Gott","RP","NYM",20,18,9,7,20,1,1,0,4,45,2.25
"283","Angel Zerpa","RP","KCR",29,30,14,10,22,1,2,0,3,45,1.55
"284","Mason Thompson","RP","WSN",21,20,10,9,18,1,1,1,4,45,2.14
"285","Isaiah Campbell","RP","SEA",20,18,9,7,20,1,1,0,4,45,2.25
"286","Ian Hamilton","RP","NYY",20,17,8,10,22,1,1,0,3,45,2.25
"287","Yency Almonte","RP","LAD",20,18,9,8,21,1,1,0,4,45,2.25
"288","Phil Maton","RP","HOU",20,18,9,8,21,1,1,0,4,45,2.25
"289","Miguel Castro","RP","ARI",20,18,10,10,20,1,1,1,4,45,2.25
"290","Sam Long","RP","OAK",20,18,8,8,17,1,1,0,5,45,2.25
"291","Edward Cabrera","SP","MIA",25,21,12,13,29,1,2,0,0,44,1.76
"292","Ryan Brasier","RP","LAD",19,17,8,6,18,1,1,0,4,44,2.32
"293","Keynan Middleton","RP","NYY",20,18,10,9,23,1,1,0,4,44,2.2
"294","Jose Cuas","RP","CHC",20,18,9,9,21,1,1,0,4,44,2.2
"295","José Alvarado","RP","PHI",17,13,6,9,24,1,1,0,1,43,2.53
"296","Scott Alexander","RP","SFG",21,21,9,6,15,2,1,0,4,43,2.05
"297","Andre Pallante","RP","STL",22,21,9,9,17,1,1,0,4,43,1.95
"298","Tyler Holton","RP","DET",20,19,9,6,18,1,1,0,4,43,2.15
"299","Kyle Nelson","RP","ARI",19,17,8,8,21,1,1,0,3,43,2.26
"300","Tom Cosgrove","RP","SDP",19,16,8,8,20,1,1,0,3,43,2.26
"301","Andrew Nardi","RP","MIA",18,16,8,8,23,1,1,0,3,43,2.39
"302","Zack Thompson","RP","STL",22,20,10,10,21,1,1,0,3,43,1.95
"303","Eli Morgan","RP","CLE",20,19,10,6,20,1,1,0,4,43,2.15
"304","Peter Lambert","SP","COL",42,47,25,17,32,2,3,0,0,42,1
"305","Sam Moll","RP","CIN",19,17,9,10,22,1,1,0,4,42,2.21
"306","Ian Gibaut","RP","CIN",20,19,10,9,20,1,1,0,5,42,2.1
"307","Zack Littell","RP","TBR",23,21,10,7,21,1,1,0,0,42,1.83
"308","Collin McHugh","RP","ATL",19,19,8,6,18,1,1,0,4,42,2.21
"309","Freddy Tarnok","RP","OAK",29,27,15,13,27,1,2,0,0,42,1.45
"310","Jovani Moran","RP","MIN",18,15,8,10,23,1,1,0,3,42,2.33
"311","Brock Burke","RP","TEX",19,17,8,6,18,1,1,0,3,42,2.21
"312","Aaron Loup","RP","LAA",20,19,9,7,18,1,1,0,4,42,2.1
"313","Elvis Peguero","RP","MIL",20,19,9,7,18,1,1,0,4,42,2.1
"314","Mike Baumann","RP","BAL",20,19,9,9,20,1,1,0,4,42,2.1
"315","Ryne Stanek","RP","HOU",19,16,8,10,21,1,1,0,3,42,2.21
"316","Brennan Bernardino","RP","BOS",20,21,10,7,21,1,1,0,4,41,2.05
"317","Yerry De Los Santos","RP","PIT",21,20,10,9,19,1,1,0,4,41,1.95
"318","John King","RP","STL",20,19,8,5,13,1,1,0,4,41,2.05
"319","Jose A. Ferrer","RP","WSN",20,19,9,7,17,1,1,0,4,41,2.05
"320","James Karinchak","RP","CLE",17,12,7,10,24,1,1,0,1,41,2.41
"321","Jonathan Loáisiga","RP","NYY",19,17,7,6,17,1,1,0,2,41,2.16
"322","Nick Sandlin","RP","CLE",19,16,9,9,21,1,1,0,3,41,2.16
"323","Slade Cecconi","SP","ARI",30,32,16,9,23,2,2,0,0,40,1.33
"324","Michael Grove","RP","LAD",24,24,12,8,24,1,1,0,0,40,1.67
"325","Yunior Marte","RP","PHI",20,19,9,8,19,1,1,0,3,40,2
"326","Pedro Avila","RP","SDP",22,19,10,10,21,1,1,0,1,40,1.82
"327","Kevin Kelly","RP","TBR",18,17,7,6,17,1,1,0,3,40,2.22
"328","Tyler Kinley","RP","COL",19,19,10,8,19,1,1,1,3,40,2.11
"329","Jordan Weems","RP","WSN",20,19,11,9,20,1,1,0,5,40,2
"330","Taylor Clarke","RP","KCR",20,20,10,7,19,1,1,0,4,40,2
"331","Jorge López","RP","MIA",20,20,9,7,19,1,2,0,4,40,2
"332","Zach Jackson","RP","OAK",16,13,7,9,19,1,1,1,2,40,2.5
"333","Jonathan Heasley","RP","KCR",21,21,11,7,17,1,1,0,5,40,1.9
"334","Roansy Contreras","SP","PIT",26,25,13,10,24,1,2,0,0,39,1.5
"335","Griffin Canning","SP","LAA",21,20,10,7,23,1,1,0,0,39,1.86
"336","Tyler Wells","SP","BAL",24,23,12,7,23,1,2,0,0,39,1.62
"337","Louie Varland","SP","MIN",23,23,11,7,22,1,1,0,0,39,1.7
"338","Brent Suter","RP","COL",21,22,10,7,17,1,1,0,4,39,1.86
"339","Tucker Davidson","RP","KCR",27,27,13,11,24,1,2,0,0,39,1.44
"340","Daniel Palencia","RP","CHC",19,17,9,9,20,1,1,0,3,39,2.05
"341","Jakob Junis","RP","SFG",18,18,8,5,18,1,1,0,3,39,2.17
"342","Joe Mantiply","RP","ARI",18,18,7,4,17,1,1,0,2,39,2.17
"343","Angel Felipe","RP","OAK",19,17,9,11,20,1,1,0,4,39,2.05
"344","Shawn Armstrong","RP","TBR",17,15,7,5,18,1,1,0,2,39,2.29
"345","Austin Pruitt","RP","OAK",20,20,9,5,14,1,1,0,4,39,1.95
"346","Josh Winckowski","RP","BOS",21,22,10,7,17,1,1,0,4,39,1.86
"347","Chasen Shreve","RP","DET",20,20,10,8,19,1,1,0,4,39,1.95
"348","Abner Uribe","RP","MIL",19,16,9,13,23,1,1,0,3,39,2.05
"349","Luis L. Ortiz","SP","PIT",33,35,18,14,26,1,2,0,0,38,1.15
"350","Jake Bird","RP","COL",20,20,10,8,18,1,1,0,4,38,1.9
"351","Tristan Beck","RP","SFG",27,29,14,9,23,1,2,0,1,38,1.41
"352","Luis García","RP","SDP",18,16,8,7,19,1,1,0,2,38,2.11
"353","Drew VerHagen","RP","STL",20,20,10,8,18,1,1,0,4,38,1.9
"354","Bryan Shaw","RP","CHW",21,21,11,9,17,1,1,0,5,38,1.81
"355","Jake Irvin","SP","WSN",31,32,17,12,24,1,2,0,0,37,1.19
"356","Bailey Falter","SP","PIT",23,23,11,6,19,1,1,0,0,37,1.61
"357","Dylan Lee","RP","ATL",17,15,6,5,18,1,1,0,0,37,2.18
"358","Ryan Borucki","RP","PIT",19,18,9,8,18,1,1,0,3,37,1.95
"359","Andrew Bellatti","RP","PHI",18,16,9,8,21,1,1,0,2,37,2.06
"360","Rafael Montero","RP","HOU",18,17,8,7,19,1,1,0,2,37,2.06
"361","Trent Thornton","RP","SEA",18,16,8,6,17,1,1,0,2,37,2.06
"362","Kyle Harrison","SP","SFG",21,19,10,11,23,1,1,0,0,36,1.71
"363","Bryan Baker","RP","BAL",17,14,7,8,19,1,1,0,1,36,2.12
"364","Jacob Webb","RP","LAA",18,17,9,8,19,1,1,0,3,36,2
"365","Reed Garrett","RP","NYM",18,16,8,8,16,1,1,0,3,36,2
"366","Carl Edwards Jr.","RP","WSN",13,12,6,6,12,1,1,3,0,36,2.77
"367","JT Chargois","RP","MIA",18,16,8,7,17,1,1,0,2,36,2
"368","Mason Miller","SP","OAK",15,12,6,5,19,1,1,0,0,35,2.33
"369","Ben Lively","SP","CIN",27,29,15,9,24,1,2,0,0,35,1.3
"370","Trevor Megill","RP","MIL",16,13,6,6,18,1,1,0,0,35,2.19
"371","Grant Hartwig","RP","NYM",17,15,7,8,17,1,1,0,2,35,2.06
"372","Michael Tonkin","RP","ATL",17,16,8,6,18,1,1,0,2,35,2.06
"373","Beau Brieske","RP","DET",20,20,10,6,17,1,1,0,2,35,1.75
"374","Cionel Pérez","RP","BAL",18,17,8,9,17,1,1,0,3,35,1.94
"375","Brad Hand","RP","ATL",18,17,9,8,18,1,1,0,3,35,1.94
"376","Génesis Cabrera","RP","TOR",19,18,10,9,19,1,1,0,3,35,1.84
"377","Tayler Scott","RP","OAK",17,16,8,7,17,1,1,0,3,35,2.06
"378","Nick Wittgren","RP","KCR",20,21,10,7,15,1,1,0,4,35,1.75
"379","Tommy Henry","SP","ARI",27,28,14,11,22,1,2,0,0,34,1.26
"380","Luke Weaver","SP","CIN",31,35,19,11,27,1,2,0,0,34,1.1
"381","Yonny Chirinos","RP","ATL",30,34,17,9,21,2,2,0,0,34,1.13
"382","Jay Jackson","RP","TOR",15,13,6,5,17,1,1,0,1,34,2.27
"383","Derek Law","RP","CIN",19,20,10,9,18,1,1,0,4,34,1.79
"384","Grant Anderson","RP","TEX",17,16,8,6,17,1,1,0,2,34,2
"385","Matt Gage","RP","HOU",17,15,7,7,17,1,1,0,1,34,2
"386","Jose Hernandez","RP","PIT",18,17,9,8,19,1,1,0,2,34,1.89
"387","Brendan White","RP","DET",18,18,9,6,16,1,1,0,3,34,1.89
"388","Dominic Leone","RP","LAA",16,14,7,7,17,1,1,0,2,34,2.12
"389","Daniel Norris","RP","CLE",19,18,9,8,17,1,1,0,2,34,1.79
"390","Ty Blach","SP","COL",46,59,29,13,27,2,3,0,0,33,0.72
"391","Trevor Rogers","SP","MIA",18,17,8,6,18,1,1,0,0,33,1.83
"392","Cole Irvin","SP","BAL",24,25,12,6,18,1,2,0,0,33,1.38
"393","Adrián Martínez","RP","OAK",21,21,10,7,18,1,1,0,0,33,1.57
"394","Ryan Pepiot","RP","LAD",18,16,8,8,19,1,1,0,0,33,1.83
"395","DL Hall","RP","BAL",15,12,6,7,19,1,1,0,0,33,2.2
"396","Ronel Blanco","RP","HOU",22,21,12,11,23,1,1,0,0,33,1.5
"397","Jordan Balazovic","RP","MIN",20,21,10,8,18,1,1,0,2,33,1.65
"398","Austin Cox","RP","KCR",24,26,12,9,16,1,1,0,2,33,1.38
"399","Joey Cantillo","SP","CLE",21,19,11,11,21,1,1,0,0,32,1.52
"400","AJ Smith-Shawver","RP","ATL",21,21,11,10,22,1,1,0,0,32,1.52
"401","Buck Farmer","RP","CIN",17,17,9,8,18,1,1,0,3,32,1.88
"402","Cody Morris","RP","CLE",16,14,7,6,18,1,1,0,0,32,2
"403","Alex Young","RP","CIN",17,17,8,6,16,1,1,0,2,32,1.88
"404","John Curtiss","RP","NYM",18,17,9,7,16,1,1,0,2,32,1.78
"405","Joe La Sorsa","RP","WSN",19,20,10,6,15,1,1,0,3,32,1.68
"406","Shane Bieber","SP","CLE",16,15,7,4,16,1,1,0,0,31,1.94
"407","Mike Mayers","SP","CHW",25,27,14,10,21,1,1,0,0,31,1.24
"408","Javier Assad","RP","CHC",24,25,13,10,20,1,1,0,0,31,1.29
"409","Nate Pearson","RP","TOR",17,15,8,8,19,1,1,0,0,31,1.82
"410","Huascar Brazoban","RP","MIA",15,13,6,7,16,1,1,0,1,31,2.07
"411","Trey Wingenter","RP","DET",16,14,8,7,18,1,1,0,1,31,1.94
"412","Bryse Wilson","RP","MIL",18,18,9,5,14,1,1,0,2,31,1.72
"413","Albert Abreu","RP","NYY",17,15,8,9,18,1,1,0,1,31,1.82
"414","Sean Burke","SP","CHW",26,27,15,12,23,1,2,0,0,30,1.15
"415","Fernando Cruz","RP","CIN",15,14,7,7,18,1,1,0,1,30,2
"416","Xzavion Curry","RP","CLE",20,20,10,6,16,1,1,0,0,30,1.5
"417","Jaime Barria","RP","LAA",19,20,9,6,15,1,1,0,1,30,1.58
"418","Cory Abbott","RP","WSN",23,23,13,11,21,1,1,0,0,30,1.3
"419","Ron Marinaccio","RP","NYY",15,12,7,8,19,1,1,0,0,30,2
"420","Mauricio Llovera","RP","BOS",17,17,9,7,17,1,1,0,2,30,1.76
"421","Joey Krehbiel","RP","BAL",18,18,9,7,15,1,1,0,2,30,1.67
"422","Andrés Machado","RP","WSN",18,18,10,7,15,1,1,0,3,30,1.67
"423","Emmet Sheehan","SP","LAD",19,18,10,9,19,1,1,0,0,29,1.53
"424","Drew Rom","SP","STL",17,16,7,6,14,1,1,0,0,29,1.71
"425","Vinny Nittoli","RP","NYM",15,13,6,5,14,1,1,0,0,29,1.93
"426","Declan Cronin","RP","CHW",20,21,11,9,13,1,1,0,4,29,1.45
"427","Joan Adon","SP","WSN",24,25,13,11,20,1,2,0,0,28,1.17
"428","Chris Murphy","RP","BOS",21,22,11,9,18,1,1,0,0,28,1.33
"429","Tejay Antone","RP","CIN",14,12,6,6,16,1,1,0,0,28,2
"430","Richard Bleier","RP","BOS",17,20,8,4,11,1,1,0,3,28,1.65
"431","Luis Patiño","RP","CHW",19,18,10,7,16,1,1,0,0,28,1.47
"432","Dylan Covey","RP","PHI",15,15,7,6,13,1,1,1,0,28,1.87
"433","Tyler Gilbert","RP","ARI",19,19,10,7,15,1,1,0,1,28,1.47
"434","Nick Robertson","RP","BOS",15,14,6,6,15,1,1,0,0,28,1.87
"435","Taylor Hearn","RP","KCR",16,15,8,7,16,1,1,0,1,28,1.75
"436","Erasmo Ramírez","RP","TBR",16,16,7,4,12,1,1,0,1,28,1.75
"437","Dany Jiménez","RP","OAK",15,13,7,8,16,1,1,0,1,28,1.87
"438","Matt Festa","RP","SEA",14,12,6,6,16,1,1,0,0,28,2
"439","James Naile","RP","STL",18,19,9,6,13,1,1,0,2,28,1.56
"440","Anthony Kay","RP","CHC",17,17,9,9,17,1,1,0,2,28,1.65
"441","Devin Sweet","RP","SEA",16,15,8,6,15,1,1,0,1,28,1.75
"442","Jimmy Nelson","RP","LAD",17,16,9,8,17,1,1,0,1,28,1.65
"443","John Means","SP","BAL",15,14,7,3,13,1,1,0,0,27,1.8
"444","Jackson Wolf","SP","PIT",21,21,11,8,17,1,2,0,0,27,1.29
"445","Cooper Criswell","SP","TBR",18,19,9,5,15,1,1,0,0,27,1.5
"446","Adrian Morejon","RP","SDP",14,12,6,5,14,1,1,0,0,27,1.93
"447","Sammy Peralta","RP","CHW",16,15,8,6,14,1,1,0,1,27,1.69
"448","Victor González","RP","LAD",15,14,6,6,14,1,1,0,0,27,1.8
"449","Nick Vespi","RP","BAL",15,14,7,5,15,1,1,0,0,27,1.8
"450","Michael Rucker","RP","CHC",16,16,8,6,15,1,1,0,1,27,1.69
"451","Josh Winder","RP","MIN",16,16,8,5,14,1,1,0,1,27,1.69
"452","Tommy Doyle","RP","COL",17,18,9,7,15,1,1,0,2,27,1.59
"453","J.C. Mejía","RP","MIL",16,16,8,7,16,1,1,0,1,27,1.69
"454","Jimmy Lambert","RP","CHW",17,17,10,8,17,1,1,0,2,27,1.59
"455","Mike Vasil","SP","NYM",16,15,8,5,14,1,1,0,0,26,1.62
"456","Hunter Gaddis","SP","CLE",17,17,9,6,16,1,1,0,0,26,1.53
"457","Will Vest","RP","DET",14,13,6,5,14,1,1,0,0,26,1.86
"458","Bryan Hoeing","RP","MIA",21,23,11,6,14,1,1,0,0,26,1.24
"459","Carmen Mlodzinski","RP","PIT",16,16,8,7,15,1,1,0,1,26,1.62
"460","Tommy Nance","RP","MIA",13,11,5,5,13,1,1,0,0,26,2
"461","Ray Kerr","RP","SDP",15,13,7,9,17,1,1,0,0,26,1.73
"462","Sam Coonrod","RP","NYM",14,12,6,5,13,1,1,0,0,26,1.86
"463","Jonathan Hernández","RP","TEX",15,14,7,8,15,1,1,0,1,26,1.73
"464","Robert Garcia","RP","WSN",16,16,8,8,16,1,1,0,1,26,1.62
"465","Amos Willingham","RP","WSN",17,18,9,7,14,1,1,0,2,26,1.53
"466","Edgar Navarro","RP","CHW",19,19,11,12,16,1,1,0,3,26,1.37
"467","Triston McKenzie","SP","CLE",13,11,6,4,13,1,1,0,0,25,1.92
"468","Daniel Lynch IV","SP","KCR",19,20,10,7,15,1,1,0,0,25,1.32
"469","Jhony Brito","SP","NYY",19,20,10,6,14,1,1,0,0,25,1.32
"470","Julio Teheran","SP","MIL",21,22,12,7,17,1,2,0,0,25,1.19
"471","Peyton Battenfield","SP","CLE",19,20,10,6,14,1,1,0,0,25,1.32
"472","Joely Rodríguez","RP","BOS",14,14,6,6,15,1,1,0,0,25,1.79
"473","John Brebbia","RP","SFG",13,12,6,4,14,1,1,0,0,25,1.92
"474","Andrew Kittredge","RP","TBR",13,12,5,4,12,1,1,0,0,25,1.92
"475","Jesse Chavez","RP","ATL",12,12,5,4,13,1,0,0,0,25,2.08
"476","Chad Green","RP","TOR",12,11,5,4,14,1,1,0,0,25,2.08
"477","Keegan Thompson","RP","CHC",15,14,7,6,14,1,1,0,0,25,1.67
"478","Elieser Hernández","RP","NYM",10,8,4,2,11,1,0,0,0,25,2.5
"479","Bennett Sousa","RP","MIL",14,12,6,6,13,1,1,0,0,25,1.79
"480","Eduard Bazardo","RP","SEA",15,14,7,5,13,1,1,0,0,25,1.67
"481","Matt Koch","RP","COL",19,22,12,7,15,1,1,0,3,25,1.32
"482","Anthony DeSclafani","SP","SFG",15,16,7,4,13,1,1,0,0,24,1.6
"483","Simeon Woods Richardson","RP","MIN",16,16,8,7,15,1,1,0,0,24,1.5
"484","Hunter Harvey","RP","WSN",12,11,5,4,13,1,1,0,0,24,2
"485","Chris Devenski","RP","LAA",14,14,7,4,14,1,1,0,0,24,1.71
"486","Randy Vásquez","SP","NYY",17,17,9,7,14,1,1,0,0,23,1.35
"487","Josh Fleming","SP","TBR",21,24,11,7,13,1,1,0,0,23,1.1
"488","Connor Seabold","SP","COL",24,28,15,8,19,1,2,0,0,23,0.96
"489","Jalen Beeks","RP","TBR",12,11,5,5,13,1,1,0,0,23,1.92
"490","Brent Headrick","RP","MIN",13,12,6,5,13,1,1,0,0,23,1.77
"491","Andre Jackson","RP","PIT",17,17,9,9,16,1,1,0,0,23,1.35
"492","Garrett Crochet","RP","CHW",12,10,5,7,14,1,1,0,0,23,1.92
"493","Yerry Rodríguez","RP","TEX",13,12,6,6,14,1,1,0,0,23,1.77
"494","Luis Frías","RP","ARI",13,12,6,6,14,1,1,0,0,23,1.77
"495","Jimmy Herget","RP","LAA",14,13,7,5,13,1,1,0,0,23,1.64
"496","Brad Boxberger","RP","CHC",15,14,8,7,15,1,1,0,0,23,1.53
"497","Cody Bradford","RP","TEX",14,14,7,4,12,1,1,0,0,22,1.57
"498","Zach Logue","RP","DET",18,19,10,6,13,1,1,0,0,22,1.22
"499","Luis F. Ortiz","RP","PHI",13,13,6,4,12,1,1,0,0,22,1.69
"500","Tim Herrin","RP","CLE",12,11,5,5,12,1,1,0,0,22,1.83
"501","Bryan Hudson","RP","LAD",12,11,5,5,12,1,1,0,0,22,1.83
"502","Justin Martinez","RP","ARI",14,13,7,9,16,1,1,0,0,22,1.57
"503","Jackson Kowar","RP","KCR",14,14,7,6,14,1,1,0,0,22,1.57
"504","Oliver Ortega","RP","MIN",14,13,7,6,13,1,1,0,0,22,1.57
"505","Jeff Brigham","RP","NYM",12,10,6,5,13,1,1,0,0,22,1.83
"506","Michael McGreevy","SP","STL",18,20,9,5,10,1,1,0,0,21,1.17
"507","Brandon Walter","RP","BOS",13,13,6,4,11,1,1,0,0,21,1.62
"508","Ryan Weathers","RP","MIA",15,15,7,6,11,1,1,0,0,21,1.4
"509","Brock Stewart","RP","MIN",9,7,4,3,12,0,0,0,0,21,2.33
"510","Anthony Maldonado","RP","MIA",11,10,5,4,12,1,1,0,0,21,1.91
"511","Josh Walker","RP","NYM",13,12,6,5,11,1,1,0,0,21,1.62
"512","Ryan Thompson","RP","TBR",13,13,6,5,12,1,1,0,0,21,1.62
"513","Justin Wilson","RP","MIL",12,11,6,5,13,1,1,0,0,21,1.75
"514","Greg Weissert","RP","NYY",11,9,5,5,12,1,1,0,0,21,1.91
"515","Yohan Ramirez","RP","PIT",15,14,8,8,14,1,1,0,0,21,1.4
"516","George Soriano","RP","MIA",14,14,7,6,13,1,1,0,0,21,1.5
"517","Joe Jacques","RP","BOS",15,17,8,5,12,1,1,0,1,21,1.4
"518","Logan Gillaspie","RP","BAL",15,16,8,5,13,1,1,0,0,21,1.4
"519","José Butto","SP","NYM",15,15,8,6,12,1,1,0,0,20,1.33
"520","Keaton Winn","RP","SFG",14,15,7,5,12,1,1,0,0,20,1.43
"521","Bowden Francis","RP","TOR",13,13,7,5,13,1,1,0,0,20,1.54
"522","Brandon Bielak","RP","HOU",14,14,7,6,12,1,1,0,0,20,1.43
"523","Ben Joyce","RP","LAA",10,9,4,5,12,1,1,0,0,20,2
"524","Connor Brogdon","RP","PHI",11,10,5,4,11,1,1,0,0,20,1.82
"525","Seth Martinez","RP","HOU",12,11,6,5,12,1,1,0,0,20,1.67
"526","Parker Mushinski","RP","HOU",11,11,5,5,11,1,0,0,0,20,1.82
"527","Michael Kelly","RP","CLE",11,10,5,5,12,1,1,0,0,20,1.82
"528","Kirby Snead","RP","OAK",13,13,6,6,12,1,1,0,0,20,1.54
"529","Daysbel Hernández","RP","ATL",11,10,5,5,12,1,1,0,0,20,1.82
"530","Justin Bruihl","RP","COL",15,16,8,6,11,1,1,0,1,20,1.33
"531","Andrew Suárez","RP","STL",16,17,8,6,11,1,1,0,0,20,1.25
"532","Mychal Givens","RP","BAL",13,12,7,6,13,1,1,0,0,20,1.54
"533","Connor Phillips","SP","CIN",12,11,6,6,12,1,1,0,0,19,1.58
"534","Eric Lauer","SP","MIL",11,10,5,4,10,1,1,0,0,19,1.73
"535","Shawn Dubin","RP","HOU",9,8,4,4,10,1,0,0,0,19,2.11
"536","Tony Santillan","RP","CIN",12,12,6,6,13,1,1,0,0,19,1.58
"537","Cole Sands","RP","MIN",12,12,6,5,12,1,1,0,0,19,1.58
"538","Jeremiah Estrada","RP","CHC",11,9,5,6,13,0,1,0,0,19,1.73
"539","Guillermo Zuñiga","RP","STL",12,11,6,6,12,1,1,0,0,19,1.58
"540","Connor Thomas","SP","STL",14,15,7,4,9,1,1,0,0,18,1.29
"541","Gordon Graceffo","SP","STL",15,16,8,5,10,1,1,0,0,18,1.2
"542","Corey Kluber","SP","BOS",14,16,8,4,12,1,1,0,0,18,1.29
"543","Caleb Kilian","RP","CHC",11,11,5,4,10,1,1,0,0,18,1.64
"544","Brad Keller","SP","KCR",16,17,9,8,13,1,1,0,0,18,1.12
"545","Darren McCaughan","RP","SEA",12,12,6,3,9,1,1,0,0,18,1.5
"546","Aaron Ashby","RP","MIL",7,5,2,2,8,0,0,0,0,18,2.57
"547","Noah Davis","SP","COL",22,25,14,10,17,1,2,0,0,18,0.82
"548","Chase Anderson","SP","COL",23,27,15,9,17,1,2,0,0,18,0.78
"549","Jake Cousins","RP","HOU",10,9,5,5,12,0,0,0,0,18,1.8
"550","Zach Pop","RP","TOR",11,11,5,4,10,0,0,0,0,18,1.64
"551","Prelander Berroa","RP","SEA",11,9,5,7,13,0,1,0,0,18,1.64
"552","Chad Smith","RP","OAK",11,10,5,6,11,1,1,0,0,18,1.64
"553","Adam Kolarek","RP","NYM",11,11,5,4,8,1,0,0,0,18,1.64
"554","Kyle Leahy","RP","STL",14,14,7,6,10,1,1,0,0,18,1.29
"555","Matt Waldron","RP","SDP",12,12,6,4,9,1,1,0,0,17,1.42
"556","Clayton Andrews","RP","MIL",9,8,4,5,11,0,0,0,0,17,1.89
"557","Nick Ramirez","RP","NYY",11,11,5,4,9,1,1,0,0,17,1.55
"558","Gavin Hollowell","RP","COL",13,14,8,5,13,1,1,0,0,17,1.31
"559","Gerardo Reyes","RP","LAA",12,11,7,7,13,1,1,0,0,17,1.42
"560","Nicholas Padilla","RP","CHW",14,14,8,8,13,1,1,0,0,17,1.21
"561","Juan Then","RP","SEA",12,12,6,4,9,1,1,0,0,17,1.42
"562","Sean Reynolds","RP","SDP",12,11,6,6,10,1,1,0,0,17,1.42
"563","Allan Winans","RP","ATL",10,11,5,3,8,1,0,0,0,16,1.6
"564","Josh Simpson","RP","MIA",8,7,3,4,9,0,0,0,0,16,2
"565","José Castillo","RP","MIA",8,6,3,4,8,0,0,0,0,16,2
"566","Ty Adcock","RP","SEA",9,9,4,3,9,0,0,0,0,16,1.78
"567","Alex Speas","RP","TEX",8,7,3,5,10,0,0,0,0,16,2
"568","Tim Hill","RP","SDP",12,12,6,4,8,1,1,0,0,16,1.33
"569","Garrett Hill","RP","DET",11,10,5,5,10,0,1,0,0,16,1.45
"570","James McArthur","RP","KCR",12,13,6,5,10,1,1,0,0,16,1.33
"571","Jacob Barnes","RP","STL",11,11,5,5,9,1,1,0,0,16,1.45
"572","Cody Bolton","RP","PIT",13,13,7,6,12,0,1,0,0,16,1.23
"573","Ben Heller","RP","ATL",15,15,9,8,14,0,1,0,0,16,1.07
"574","Drey Jameson","RP","ARI",9,9,4,3,8,1,1,0,0,15,1.67
"575","Amir Garrett","RP","CLE",9,8,4,6,10,0,0,0,0,15,1.67
"576","Victor Mederos","RP","LAA",9,9,4,4,9,0,0,0,0,15,1.67
"577","Spencer Howard","RP","NYY",9,8,4,3,9,0,1,0,0,15,1.67
"578","Colin Selby","RP","PIT",11,10,5,6,10,0,1,0,0,15,1.36
"579","Chris Flexen","SP","COL",43,59,32,17,31,1,4,0,0,14,0.33
"580","Sixto Sánchez","RP","MIA",6,5,2,2,7,0,0,0,0,14,2.33
"581","Zack Weiss","RP","LAA",8,7,4,4,9,0,0,0,0,14,1.75
"582","J.B. Bukauskas","RP","MIL",11,11,6,5,11,0,1,0,0,14,1.27
"583","Stephen Nogosek","RP","ARI",8,7,4,3,8,0,0,0,0,14,1.75
"584","Adam Cimber","RP","TOR",9,9,4,2,6,1,1,0,0,14,1.56
"585","Frankie Montas","SP","NYY",7,7,3,2,7,0,0,0,0,13,1.86
"586","Sean Hjelle","RP","SFG",10,11,5,4,8,1,1,0,0,13,1.3
"587","Jackson Rutledge","SP","WSN",15,17,9,7,10,1,1,0,0,13,0.87
"588","Andrew Wantz","RP","LAA",7,6,3,3,7,0,0,0,0,13,1.86
"589","Shelby Miller","RP","LAD",8,7,4,4,8,0,0,0,0,13,1.62
"590","Austin Voth","RP","BAL",9,9,5,3,8,0,0,0,0,13,1.44
"591","Nick Mears","RP","COL",11,11,6,6,11,0,1,0,0,13,1.18
"592","Riley Pint","RP","COL",13,13,8,8,13,0,1,0,0,13,1
"593","Karl Kauffmann","SP","COL",21,25,14,10,14,1,2,0,0,12,0.57
"594","Paolo Espino","RP","WSN",13,15,8,4,10,0,1,0,0,12,0.92
"595","Nick Nelson","RP","PHI",7,6,3,3,6,0,0,0,0,12,1.71
"596","Jarlín García","RP","PIT",7,7,3,2,6,0,0,0,0,12,1.71
"597","Victor Vodnik","RP","COL",8,8,4,4,8,0,0,0,0,12,1.5
"598","Glenn Otto","RP","TEX",7,6,3,3,6,0,0,0,0,12,1.71
"599","Matt Krook","RP","NYY",7,6,3,4,7,0,0,0,0,12,1.71
"600","Bruce Zimmermann","RP","BAL",7,7,3,2,6,0,0,0,0,12,1.71
"601","José Ruiz","RP","ARI",8,8,4,4,8,0,0,0,0,12,1.5
"602","Matt Bush","RP","TEX",6,5,3,2,7,0,0,0,0,12,2
"603","Adam Oller","RP","SEA",10,10,5,4,8,0,1,0,0,12,1.2
"604","Thomas Hatch","RP","TOR",7,7,3,2,6,0,0,0,0,12,1.71
"605","Calvin Faucher","RP","TBR",8,7,4,4,7,0,0,0,0,12,1.5
"606","Carlos Vargas","RP","ARI",9,9,5,5,9,1,1,0,0,12,1.33
"607","Trevor Kelley","RP","TBR",8,8,4,3,7,0,0,0,0,12,1.5
"608","Easton Lucas","RP","OAK",8,7,4,4,7,0,0,0,0,12,1.5
"609","Alex Colomé","RP","CHW",10,11,5,5,8,1,1,0,0,12,1.2
"610","Daniel Duarte","RP","CIN",12,12,7,7,11,0,1,0,0,12,1
"611","Jacob Lopez","SP","TBR",6,5,3,2,6,0,0,0,0,11,1.83
"612","Keegan Akin","RP","BAL",5,4,2,1,5,0,0,0,0,11,2.2
"613","Andrew Vasquez","RP","PHI",6,5,3,2,6,0,0,0,0,11,1.83
"614","Daniel Hudson","RP","LAD",6,6,3,2,7,0,0,0,0,11,1.83
"615","Joel Kuhnel","RP","HOU",7,7,3,2,5,0,0,0,0,11,1.57
"616","Trevor Brigden","RP","TBR",6,5,3,2,6,0,0,0,0,11,1.83
"617","Ryan Loutos","RP","STL",7,6,3,3,5,0,0,0,0,11,1.57
"618","Ryan Hendrix","RP","ARI",7,6,3,4,6,0,0,0,0,11,1.57
"619","Ronny Henriquez","RP","MIN",7,7,3,3,6,0,0,0,0,11,1.57
"620","Matt Bowman","RP","NYY",8,8,4,3,6,0,0,0,0,11,1.38
"621","Matt Carasiti","RP","COL",11,12,6,5,9,0,1,0,0,11,1
"622","Michel Baez","RP","SDP",7,6,3,3,5,0,0,0,0,11,1.57
"623","José Suarez","SP","LAA",6,5,3,2,5,0,0,0,0,10,1.67
"624","Randy Dobnak","RP","MIN",9,10,4,3,6,0,1,0,0,10,1.11
"625","Emerson Hancock","SP","SEA",9,9,5,3,7,0,1,0,0,10,1.11
"626","Nick Anderson","RP","ATL",5,5,2,1,5,0,0,0,0,10,2
"627","Alek Jacob","RP","SDP",6,5,3,2,5,0,0,0,0,10,1.67
"628","Drew Carlton","RP","SDP",5,5,2,1,5,0,0,0,0,10,2
"629","Nate Lavender","RP","NYM",5,4,2,2,5,0,0,0,0,10,2
"630","Nick Burdi","RP","CHC",5,4,2,3,6,0,0,0,0,10,2
"631","Marc Church","RP","TEX",5,4,2,2,5,0,0,0,0,10,2
"632","Mark Melancon","RP","ARI",10,11,5,4,7,0,1,0,0,10,1
"633","Hagen Danner","RP","TOR",5,4,2,2,5,0,0,0,0,10,2
"634","Yosver Zulueta","RP","TOR",6,5,3,3,6,0,0,0,0,10,1.67
"635","Ethan Small","RP","MIL",6,5,3,3,6,0,0,0,0,10,1.67
"636","Cade Smith","RP","CLE",5,4,2,2,5,0,0,0,0,10,2
"637","J.P. Feyereisen","RP","LAD",6,5,3,2,5,0,0,0,0,10,1.67
"638","Max Castillo","RP","KCR",9,9,5,3,7,0,1,0,0,10,1.11
"639","Jake Woodford","RP","STL",7,7,3,3,5,0,0,0,0,10,1.43
"640","Justin Yeager","RP","MIL",5,4,2,2,5,0,0,0,0,10,2
"641","Casey Legumina","RP","CIN",10,11,6,4,9,0,1,0,0,10,1
"642","Rico Garcia","RP","WSN",9,9,5,4,8,0,1,0,0,10,1.11
"643","Zach Muckenhirn","RP","SEA",8,8,4,4,6,0,0,0,0,10,1.25
"644","Collin Snider","RP","KCR",11,12,6,5,8,0,1,0,0,10,0.91
"645","Gus Varland","RP","LAD",10,10,6,5,9,0,1,0,0,10,1
"646","Robert Gasser","SP","MIL",6,6,3,2,5,0,0,0,0,9,1.5
"647","Clayton Beeter","SP","NYY",6,6,3,3,6,0,0,0,0,9,1.5
"648","Denyi Reyes","SP","NYM",5,5,2,1,4,0,0,0,0,9,1.8
"649","Drew Hutchison","RP","PHI",7,7,4,3,6,0,0,0,0,9,1.29
"650","Anthony Misiewicz","RP","NYY",6,6,3,2,5,0,0,0,0,9,1.5
"651","McKinley Moore","RP","PHI",6,5,3,4,6,0,0,0,0,9,1.5
"652","Cole Waites","RP","SFG",5,4,2,3,5,0,0,0,0,9,1.8
"653","Diego Castillo","RP","SEA",5,5,2,2,5,0,0,0,0,9,1.8
"654","Daniel Castano","RP","MIA",5,5,2,1,4,0,0,0,0,9,1.8
"655","Roddery Muñoz","RP","WSN",7,7,4,3,6,0,0,0,0,9,1.29
"656","Andrew Politi","RP","BOS",6,6,3,2,5,0,0,0,0,9,1.5
"657","Kolton Ingram","RP","LAA",6,6,3,3,6,0,0,0,0,9,1.5
"658","Vladimir Gutierrez","RP","CIN",7,7,4,3,6,0,0,0,0,9,1.29
"659","Garrett Davila","RP","CHW",6,6,3,2,5,0,0,0,0,9,1.5
"660","Alan Busenitz","RP","CIN",6,6,3,2,5,0,0,0,0,9,1.5
"661","Eli Villalobos","RP","MIA",5,4,2,2,4,0,0,0,0,9,1.8
"662","Grant Holmes","RP","ATL",7,7,4,3,6,0,0,0,0,9,1.29
"663","Cam Sanders","RP","CHC",7,7,4,4,7,0,0,0,0,9,1.29
"664","Enoli Paredes","RP","HOU",6,5,3,4,6,0,0,0,0,9,1.5
"665","Wander Suero","RP","LAD",7,7,4,3,6,0,0,0,0,9,1.29
"666","Thaddeus Ward","RP","WSN",6,6,3,3,6,0,0,0,0,9,1.5
"667","Nate Fisher","RP","CHW",7,7,4,2,5,0,0,0,0,9,1.29
"668","Blair Calvo","RP","DET",8,9,4,3,7,0,1,0,0,9,1.12
"669","Jared Shuster","SP","ATL",6,6,3,2,4,0,0,0,0,8,1.33
"670","Cristian Mena","SP","CHW",9,10,5,4,7,0,1,0,0,8,0.89
"671","Kenny Rosenberg","RP","LAA",4,3,2,1,4,0,0,0,0,8,2
"672","Patrick Murphy","RP","MIN",5,5,2,3,5,0,0,0,0,8,1.6
"673","Miguel Díaz","RP","DET",6,6,3,3,5,0,0,0,0,8,1.33
"674","Chad Patrick","RP","OAK",5,5,2,2,4,0,0,0,0,8,1.6
"675","Spencer Patton","RP","OAK",6,6,3,3,5,0,0,0,0,8,1.33
"676","Jorge Alcala","RP","MIN",5,5,2,2,4,0,0,0,0,8,1.6
"677","Melvin Adón","RP","SFG",6,6,3,3,5,0,0,0,0,8,1.33
"678","Christian Chamberlain","RP","KCR",6,5,3,4,5,0,0,0,0,8,1.33
"679","Javy Guerra","RP","TBR",6,6,3,4,6,0,0,0,0,8,1.33
"680","Eduardo Salazar","RP","CIN",9,10,5,4,7,0,1,0,0,8,0.89
"681","Hobie Harris","RP","WSN",10,11,6,6,9,0,1,0,0,8,0.8
"682","Chase Lee","RP","TEX",4,4,2,1,4,0,0,0,0,7,1.75
"683","Drew Pomeranz","RP","SDP",4,4,2,2,5,0,0,0,0,7,1.75
"684","Sean Newcomb","RP","SFG",4,3,2,2,4,0,0,0,0,7,1.75
"685","Andrew Saalfrank","RP","ARI",3,2,1,1,3,0,0,0,0,7,2.33
"686","Manuel Rodríguez","RP","TBR",4,3,2,2,4,0,0,0,0,7,1.75
"687","Brandon Hughes","RP","CHC",4,4,2,2,5,0,0,0,0,7,1.75
"688","Gerson Moreno","RP","WSN",5,5,3,3,6,0,0,0,0,7,1.4
"689","Jordan Leasure","RP","CHW",3,2,1,1,3,0,0,0,0,7,2.33
"690","Riley Martin","RP","CHC",3,2,1,1,3,0,0,0,0,7,2.33
"691","Owen White","RP","TEX",5,5,3,2,5,0,0,0,0,7,1.4
"692","R.J. Dabovich","RP","SFG",3,2,1,1,3,0,0,0,0,7,2.33
"693","Matt Wisler","RP","DET",5,5,3,2,5,0,0,0,0,7,1.4
"694","Hector Perez","RP","TBR",3,2,1,1,3,0,0,0,0,7,2.33
"695","Wil Crowe","RP","PIT",7,7,4,4,7,0,1,0,0,7,1
"696","Deivi García","RP","NYY",6,6,4,3,6,0,0,0,0,7,1.17
"697","Justin Garza","RP","BOS",9,10,6,5,9,0,1,0,0,7,0.78
"698","Ryan Feltner","SP","COL",5,6,3,2,5,0,0,0,0,6,1.2
"699","Gavin Stone","SP","LAD",3,3,1,1,3,0,0,0,0,6,2
"700","Brett Kennedy","RP","CIN",9,10,6,4,7,0,1,0,0,6,0.67
"701","Kody Funderburk","RP","MIN",4,4,2,2,4,0,0,0,0,6,1.5
"702","Casey Lawrence","RP","STL",4,4,2,1,3,0,0,0,0,6,1.5
"703","Darius Vines","RP","ATL",3,3,1,1,3,0,0,0,0,6,2
"704","Paul Fry","RP","TOR",4,4,2,2,4,0,0,0,0,6,1.5
"705","Bryan Mata","RP","BOS",4,4,2,2,4,0,0,0,0,6,1.5
"706","Sean Guenther","RP","DET",4,4,2,1,3,0,0,0,0,6,1.5
"707","Kaleb Ort","RP","BOS",3,3,1,1,3,0,0,0,0,6,2
"708","Domingo Acevedo","RP","OAK",3,3,1,1,3,0,0,0,0,6,2
"709","Jhon Romero","RP","CLE",3,2,1,1,2,0,0,0,0,6,2
"710","Ryan Weber","RP","NYY",4,4,2,1,3,0,0,0,0,6,1.5
"711","Dillon Tate","RP","BAL",4,4,2,1,3,0,0,0,0,6,1.5
"712","Riley O'Brien","RP","SEA",4,4,2,2,4,0,0,0,0,6,1.5
"713","Duane Underwood Jr.","RP","PIT",5,6,3,2,5,0,0,0,0,6,1.2
"714","Kevin Kopps","RP","SDP",4,3,2,2,3,0,0,0,0,6,1.5
"715","Justin Dunn","SP","CIN",5,5,3,2,4,0,0,0,0,6,1.2
"716","Mick Abel","SP","PHI",6,6,4,3,5,0,0,0,0,6,1
"717","Sean Doolittle","RP","WSN",4,4,2,2,4,0,0,0,0,6,1.5
"718","Ken Giles","RP","LAD",3,3,1,1,3,0,0,0,0,6,2
"719","Aneurys Zabala","RP","DET",4,4,2,2,4,0,0,0,0,6,1.5
"720","Will Klein","RP","KCR",4,4,2,2,4,0,0,0,0,6,1.5
"721","Janson Junk","RP","MIL",5,5,3,2,4,0,0,0,0,6,1.2
"722","Levi Stoudt","RP","CIN",8,9,5,4,7,0,1,0,0,6,0.75
"723","Jason Alexander","RP","MIL",4,4,2,1,3,0,0,0,0,6,1.5
"724","Stephen Jones","RP","COL",5,5,3,2,4,0,0,0,0,6,1.2
"725","Francisco Morales","RP",NA,3,2,1,2,3,0,0,0,0,6,2
"726","Chris Vallimont","RP","CLE",4,4,2,2,4,0,0,0,0,6,1.5
"727","Caleb Baragar","RP","CLE",5,5,3,3,5,0,0,0,0,6,1.2
"728","Erich Uelmen","RP","PHI",7,7,4,4,6,0,1,0,0,6,0.86
"729","Kent Emanuel","RP","PIT",3,3,1,1,2,0,0,0,0,5,1.67
"730","Zak Kent","RP","TEX",3,3,1,1,2,0,0,0,0,5,1.67
"731","Brenan Hanifee","RP","DET",3,3,1,1,2,0,0,0,0,5,1.67
"732","Brent Honeywell","RP","SDP",3,3,1,1,2,0,0,0,0,5,1.67
"733","Sam Bachman","RP","LAA",3,3,1,1,2,0,0,0,0,5,1.67
"734","Mike Montgomery","RP","LAD",4,4,2,2,3,0,0,0,0,5,1.25
"735","Zack Godley","RP","OAK",3,3,1,1,2,0,0,0,0,5,1.67
"736","Daniel Zamora","RP","PIT",4,4,2,2,3,0,0,0,0,5,1.25
"737","Mason Englert","RP","DET",4,5,2,1,3,0,0,0,0,5,1.25
"738","Cole Sulser","RP","ARI",3,3,2,1,3,0,0,0,0,4,1.33
"739","Kolby Allard","RP","ATL",3,3,2,1,3,0,0,0,0,4,1.33
"740","Zach Plesac","RP","CLE",3,3,2,1,3,0,0,0,0,4,1.33
"741","Tyson Miller","RP","LAD",3,3,2,1,3,0,0,0,0,4,1.33
"742","Rony García","RP","DET",3,3,2,1,3,0,0,0,0,4,1.33
"743","Casey Sadler","RP","SEA",3,3,2,1,3,0,0,0,0,4,1.33
"744","José Ureña","SP","WSN",5,6,3,2,3,0,0,0,0,4,0.8
"745","Jonathan Stiever","RP","CHW",3,3,2,1,3,0,0,0,0,4,1.33
"746","Dylan Dodd","SP","ATL",3,3,2,1,2,0,0,0,0,3,1
"747","Kyle Nicolas","SP","PIT",3,3,2,2,3,0,0,0,0,3,1
"748","Chris Clarke","RP","CHC",3,4,2,1,3,0,0,0,0,3,1
"749","Kevin Herget","RP","CIN",3,4,2,1,3,0,0,0,0,3,1
"750","Lucas Luetge","RP","ATL",2,2,1,1,2,0,0,0,0,3,1.5
"751","Jay Groome","RP","SDP",2,2,1,1,2,0,0,0,0,3,1.5
"752","Kyle Funkhouser","RP","TEX",3,3,2,2,3,0,0,0,0,3,1
"753","José Marte","RP","LAA",3,3,2,2,3,0,0,0,0,3,1
"754","Junior Fernández","RP","TOR",3,3,2,2,3,0,0,0,0,3,1
"755","Tim Cate","RP","WSN",3,3,2,1,2,0,0,0,0,3,1
"756","Caleb Smith","RP","PIT",3,3,2,2,3,0,0,0,0,3,1
"757","Andrew Magno","RP","DET",2,2,1,1,2,0,0,0,0,3,1.5
"758","Ben Bowden","RP","PHI",3,3,2,2,3,0,0,0,0,3,1
"759","Devin Smeltzer","RP","MIA",3,3,2,1,2,0,0,0,0,3,1
"760","Nick Neidert","RP","CHC",3,4,2,1,3,0,0,0,0,3,1
"761","Luke Farrell","SP","CHW",3,3,2,1,2,0,0,0,0,3,1
"762","Sam Delaplane","RP","SFG",3,3,2,2,3,0,0,0,0,3,1
"763","Spenser Watkins","RP","HOU",3,4,2,1,2,0,0,0,0,2,0.67
"764","T.J. McFarland","RP","BAL",3,4,2,1,2,0,0,0,0,2,0.67
"765","Logan Gragg","RP","STL",3,4,2,1,2,0,0,0,0,2,0.67
"766","Josh Roberson","RP","CHC",1,1,1,1,1,0,0,0,0,0,0
"767","Chase De Jong","RP","PIT",1,1,1,1,1,0,0,0,0,0,0
